nom,prenom,email,DateNaissance
Attrie,Jocko,jattrie0@shareasale.com,2003-10-19
MacAdam,Tann,tmacadam1@sohu.com,1994-04-25
Barczynski,Jewelle,jbarczynski2@dagondesign.com,1999-06-10
Babe,Wallis,wbabe3@usatoday.com,1995-11-27
Bikker,Marigold,mbikker4@home.pl,1994-12-01
Crufts,Hanna,hcrufts5@xing.com,1999-06-09
Lipprose,Mary,mlipprose6@desdev.cn,1993-08-19
Mayor,Rorke,rmayor7@about.me,2004-04-24
Buncombe,Eunice,ebuncombe8@who.int,2003-07-24
Whitewood,Samuel,swhitewood9@mapquest.com,2003-12-11
Larchiere,Pierson,plarchierea@oakley.com,1990-09-03
McAllister,Didi,dmcallisterb@chron.com,1993-02-19
Elgram,May,melgramc@indiegogo.com,1997-11-29
Hurch,Inez,ihurchd@umn.edu,1998-02-27
Pincked,Cazzie,cpinckede@nydailynews.com,2004-04-30
Gosforth,Libbie,lgosforthf@twitpic.com,2000-06-25
Stango,Caleb,cstangog@about.com,2004-02-07
Blackmoor,Felipe,fblackmoorh@yahoo.co.jp,2001-01-04
Gannicott,Hillary,hgannicotti@shop-pro.jp,2004-04-24
Dray,Elita,edrayj@google.pl,1990-05-19
Duckels,Germaine,gduckelsk@wiley.com,2002-10-30
Andriss,Lynde,landrissl@ocn.ne.jp,1996-07-23
Burrow,Tobe,tburrowm@ebay.co.uk,1992-03-10
Lindermann,Trueman,tlindermannn@virginia.edu,2000-07-28
Sarah,Mordy,msaraho@howstuffworks.com,1996-10-07
Randals,Lind,lrandalsp@businessinsider.com,2001-02-09
Dodridge,Yvor,ydodridgeq@nature.com,1994-03-13
Fuidge,Lucy,lfuidger@imgur.com,1992-03-14
Gimber,Wren,wgimbers@github.io,2000-01-25
Triplett,Eran,etriplettt@a8.net,1997-11-21
McGreary,Hyatt,hmcgrearyu@people.com.cn,2002-04-12
Hellings,Aurore,ahellingsv@myspace.com,2002-10-31
Lehmann,Emmott,elehmannw@privacy.gov.au,1994-07-11
Gebb,Angie,agebbx@nps.gov,1993-05-23
Hembry,Herbie,hhembryy@deliciousdays.com,2004-07-12
Maultby,Antonina,amaultbyz@dion.ne.jp,2001-03-05
Annion,Fanny,fannion10@ow.ly,1998-09-19
Everett,Flynn,feverett11@huffingtonpost.com,1993-05-11
Walpole,Gustavo,gwalpole12@globo.com,2004-09-15
Richter,Dietrich,drichter13@csmonitor.com,1998-03-19
Gurton,Gratiana,ggurton14@mozilla.com,1995-08-31
Ledrun,Ernesta,eledrun15@hugedomains.com,1993-06-09
Beauman,Keane,kbeauman16@discuz.net,2001-11-20
McGuiness,Raymond,rmcguiness17@technorati.com,1990-05-28
Meas,Elaina,emeas18@flavors.me,1992-11-23
Giacobillo,Nananne,ngiacobillo19@bigcartel.com,2003-11-30
Gosneye,Wylie,wgosneye1a@pcworld.com,1993-06-01
Threadgould,Ilaire,ithreadgould1b@taobao.com,1991-07-15
Vooght,Agnes,avooght1c@va.gov,1990-02-22
Childes,Jeromy,jchildes1d@jiathis.com,2002-09-23
Jayes,Cesar,cjayes1e@ted.com,2001-04-24
Thyng,Aindrea,athyng1f@bloglines.com,1992-02-04
Dammarell,Moreen,mdammarell1g@constantcontact.com,1999-06-13
Bartrap,Quillan,qbartrap1h@ow.ly,2000-09-24
Moyse,Sileas,smoyse1i@free.fr,2004-05-29
Ragsdall,Gianna,gragsdall1j@edublogs.org,1996-05-28
Ohrtmann,Aila,aohrtmann1k@sakura.ne.jp,1995-08-31
Trayling,Robina,rtrayling1l@networksolutions.com,1995-01-13
Swalwell,Esteban,eswalwell1m@gov.uk,1995-01-08
Ziehm,Daphne,dziehm1n@admin.ch,1995-01-01
Toner,Laurie,ltoner1o@reuters.com,1994-05-20
Di Maggio,Bayard,bdimaggio1p@google.com,1999-08-27
Sleightholm,Putnem,psleightholm1q@sohu.com,1992-10-23
Bullon,Jandy,jbullon1r@umich.edu,1995-04-20
Thwaite,Letisha,lthwaite1s@nasa.gov,1997-07-03
Robart,Ruby,rrobart1t@creativecommons.org,1997-09-01
Gally,Angy,agally1u@nih.gov,1999-03-07
Pott,Colman,cpott1v@amazon.co.jp,1999-12-06
Crecy,Catlaina,ccrecy1w@spotify.com,2002-12-12
McGroarty,Tirrell,tmcgroarty1x@163.com,2003-01-13
Inns,Madison,minns1y@businesswire.com,1997-08-14
Dalman,Doug,ddalman1z@zimbio.com,2001-06-20
Saylor,Caleb,csaylor20@symantec.com,1995-09-21
Capes,Damita,dcapes21@ning.com,1991-02-28
Trundell,Katine,ktrundell22@technorati.com,1990-10-27
Rolling,Kane,krolling23@huffingtonpost.com,1992-11-03
Bettaney,Hilda,hbettaney24@sina.com.cn,2003-12-27
Worsfold,Andris,aworsfold25@barnesandnoble.com,2001-09-21
Chitson,Lucia,lchitson26@furl.net,2003-05-11
Ickovicz,Hubey,hickovicz27@netlog.com,1997-03-09
Blaxlande,Idette,iblaxlande28@examiner.com,1998-12-10
Hail,Emiline,ehail29@jiathis.com,2004-10-26
Landman,Onofredo,olandman2a@acquirethisname.com,1997-11-27
Ruffy,Cornell,cruffy2b@scientificamerican.com,1998-11-14
Arndt,Keely,karndt2c@goo.ne.jp,1993-10-06
Shacklady,Jefferson,jshacklady2d@furl.net,1996-04-05
Cayzer,Egan,ecayzer2e@soup.io,1990-01-15
Troker,Rebe,rtroker2f@nhs.uk,1990-06-27
Ghirardi,Florina,fghirardi2g@is.gd,1994-08-28
Garron,Devonne,dgarron2h@homestead.com,1995-07-24
Jagiello,Blinny,bjagiello2i@domainmarket.com,2002-03-03
Beglin,Romona,rbeglin2j@harvard.edu,1998-06-19
Garnsey,Hartwell,hgarnsey2k@reddit.com,1993-08-25
Daveley,Charlotte,cdaveley2l@liveinternet.ru,1994-05-15
Pennyman,Lise,lpennyman2m@ezinearticles.com,1992-12-11
Picott,Johnath,jpicott2n@is.gd,1990-08-16
Minchell,Gaye,gminchell2o@altervista.org,2001-07-13
Hoodless,Rene,rhoodless2p@wunderground.com,1994-07-26
Enns,Nonna,nenns2q@digg.com,2002-04-11
Stinson,Gallard,gstinson2r@gov.uk,1995-05-08
Sleight,Jacquenetta,jsleight2s@xinhuanet.com,1999-07-22
Kob,Guinna,gkob2t@cyberchimps.com,2003-06-07
Lowing,Auroora,alowing2u@loc.gov,2004-08-11
Dureden,Hildagard,hdureden2v@ning.com,2004-09-11
Lowey,Genna,glowey2w@1und1.de,1990-11-22
Slevin,Lorrin,lslevin2x@utexas.edu,1990-02-11
Strotone,Domingo,dstrotone2y@nih.gov,2002-01-12
Scrivens,Danica,dscrivens2z@umn.edu,1994-10-06
Kermit,Mac,mkermit30@narod.ru,1999-07-30
Prestedge,Katina,kprestedge31@theglobeandmail.com,1997-03-03
